"","cdr3_b_aa","v_b_gene","j_b_gene","ptid","site","cdr1_b_aa","cdr2_b_aa","pmhc_b_aa","count","clone_id","cluster_id","public","npublic","tissue.blood","ntissuepublic"
"1","CASSQGSEQYF","TRBV14*01","TRBJ2-7*01",4,"skin","SGH.......DN","FVK....ESK","T.GGTY",5,2037,0,1,1,1,1
"2","CASSQGQEQYF","TRBV14*01","TRBJ2-7*01",3,"blood","SGH.......DN","FVK....ESK","T.GGTY",1,2026,0,1,NA,1,NA
"3","CASSQGYEQYF","TRBV14*01","TRBJ2-7*01",9,"blood","SGH.......DN","FVK....ESK","T.GGTY",2,2051,0,1,NA,1,NA
"4","CASSQGYEQYF","TRBV14*01","TRBJ2-7*01",4,"skin","SGH.......DN","FVK....ESK","T.GGTY",5,2050,0,1,NA,1,NA
"5","CASSQGHEQYF","TRBV14*01","TRBJ2-7*01",4,"skin","SGH.......DN","FVK....ESK","T.GGTY",5,2017,0,1,NA,1,NA
"6","CASSQGIEQYF","TRBV14*01","TRBJ2-7*01",4,"skin","SGH.......DN","FVK....ESK","T.GGTY",5,2018,0,1,NA,1,NA
"7","CASSQGYEQYF","TRBV14*01","TRBJ2-5*01",3,"blood","SGH.......DN","FVK....ESK","T.GGTY",1,2048,0,1,NA,1,NA
"8","CASSQGYEQYF","TRBV14*01","TRBJ2-7*01",3,"blood","SGH.......DN","FVK....ESK","T.GGTY",2,2049,0,1,NA,1,NA
"9","CASSLVRGRGDDEQFF","TRBV5-6*01","TRBJ2-1*01",9,"blood","SGH.......DT","YYE....EEE","F.PNYS",5,1616,1,0,NA,0,NA
"10","CASSLGRGRGDDEQFF","TRBV5-6*01","TRBJ2-1*01",9,"blood","SGH.......DT","YYE....EEE","F.PNYS",2,1325,1,0,NA,0,NA
"11","CASCLVSGRGDDEQFF","TRBV5-6*01","TRBJ2-1*01",9,"blood","SGH.......DT","YYE....EEE","F.PNYS",1,110,1,0,NA,0,NA
"12","CARSLGSGRGDDEQFF","TRBV5-6*01","TRBJ2-1*01",9,"blood","SGH.......DT","YYE....EEE","F.PNYS",1,93,1,0,NA,0,NA
"13","CASSLGSGRGDDEQFF","TRBV5-6*01","TRBJ2-1*01",9,"blood","SGH.......DT","YYE....EEE","F.PNYS",3,1337,1,0,NA,0,NA
"14","CASSWGSGRGDDEQFF","TRBV5-6*01","TRBJ2-1*01",9,"blood","SGH.......DT","YYE....EEE","F.PNYS",1,2607,1,0,NA,0,NA
"15","CASSLVSGRGDDEQFF","TRBV5-6*01","TRBJ2-1*01",9,"blood","SGH.......DT","YYE....EEE","F.PNYS",8,1620,1,0,NA,0,NA
"16","CASSFGGNNEKLFF","TRBV12-1*01","TRBJ1-4*01",4,"skin","SGH.......ND","FCS....WTL","P.DVSF",5,707,2,1,2,1,2
"17","CASSFGGNNEKLFF","TRBV12-1*01","TRBJ1-4*01",3,"blood","SGH.......ND","FCS....WTL","P.DVSF",1,706,2,1,NA,1,NA
"18","CASSSGGNNEKLFF","TRBV12-1*01","TRBJ1-4*01",3,"blood","SGH.......ND","FCS....WTL","P.DVSF",1,2312,2,1,NA,1,NA
"19","CASSLGGNNEKLFF","TRBV12-1*01","TRBJ1-4*01",4,"blood","SGH.......ND","FCS....WTL","P.DVSF",1,1279,2,1,NA,1,NA
"20","CASSLGGNNEKLFF","TRBV12-1*01","TRBJ1-4*01",4,"skin","SGH.......ND","FCS....WTL","P.DVSF",5,1280,2,1,NA,1,NA
"21","CASSLGGNNEKLFF","TRBV12-1*01","TRBJ1-4*01",9,"blood","SGH.......ND","FCS....WTL","P.DVSF",1,1281,2,1,NA,1,NA
"22","CASSLAGDSGLRSSYNEQFF","TRBV5-1*01","TRBJ2-1*01",8,"blood","SGH.......RS","YFS....ETQ","F.SNSR",1,1071,3,1,3,0,NA
"23","CASSLAGDSGLRSSYNEQFF","TRBV5-1*01","TRBJ2-1*01",7,"blood","SGH.......RS","YFS....ETQ","F.SNSR",1,1070,3,1,NA,0,NA
"24","CASSLAGDSGLRSSYNEQFF","TRBV5-1*01","TRBJ2-1*01",6,"blood","SGH.......RS","YFS....ETQ","F.SNSR",1,1069,3,1,NA,0,NA
"25","CASSLAGDSGLRSSYNEQFF","TRBV5-1*01","TRBJ2-1*01",2,"blood","SGH.......RS","YFS....ETQ","F.SNSR",1,1066,3,1,NA,0,NA
"26","CASSLAGDSGLRSSYNEQFF","TRBV5-1*01","TRBJ2-1*01",3,"blood","SGH.......RS","YFS....ETQ","F.SNSR",1,1067,3,1,NA,0,NA
"27","CASSLAGDSGLRSSYNEQFF","TRBV5-1*01","TRBJ2-1*01",5,"blood","SGH.......RS","YFS....ETQ","F.SNSR",1,1068,3,1,NA,0,NA
"28","CASSSPEAAFF","TRBV6-5*01","TRBJ1-1*01",4,"blood","MNH.......EY","SVG....AGI","S.TTED",1,2380,4,0,NA,0,NA
"29","CASSSPESAFF","TRBV6-5*01","TRBJ1-1*01",4,"blood","MNH.......EY","SVG....AGI","S.TTED",1,2382,4,0,NA,0,NA
"30","CASSSPESAFF","TRBV6-6*01","TRBJ1-1*01",4,"blood","MNH.......NY","SVG....AGI","S.TTED",1,2383,4,0,NA,0,NA
"31","CASSSPESAFF","TRBV6-8*01","TRBJ1-1*01",4,"blood","MNH.......GY","SAA....AGT","L.NTED",2,2384,4,0,NA,0,NA
"32","CASSSPESAFF","TRBV6-9*01","TRBJ1-1*01",4,"blood","MNH.......GY","SVA....AGI","S.NTED",2,2385,4,0,NA,0,NA
"33","CASSQGQGRGYTF","TRBV3-1*01","TRBJ1-2*01",4,"skin","LGH.......DT","YNN....KEL","P.DKAH",5,2027,5,0,NA,0,NA
"34","CASSLGQGRGYTF","TRBV3-1*01","TRBJ1-2*01",4,"skin","LGH.......DT","YNN....KEL","P.DKAH",5,1316,5,0,NA,0,NA
"35","CASSNGQGRGYTF","TRBV3-1*01","TRBJ1-2*01",4,"skin","LGH.......DT","YNN....KEL","P.DKAH",5,1672,5,0,NA,0,NA
"36","CASSRGQGRGYTF","TRBV3-1*01","TRBJ1-2*01",4,"skin","LGH.......DT","YNN....KEL","P.DKAH",5,2183,5,0,NA,0,NA
"37","CASSLSQGRGYTF","TRBV3-1*01","TRBJ1-2*01",4,"skin","LGH.......DT","YNN....KEL","P.DKAH",5,1527,5,0,NA,0,NA
"38","CASSLSRATEAFF","TRBV6-9*01","TRBJ1-1*01",4,"blood","MNH.......GY","SVA....AGI","S.NTED",1,1532,6,0,NA,0,NA
"39","CASSLSRATEAFF","TRBV6-8*01","TRBJ1-1*01",4,"blood","MNH.......GY","SAA....AGT","L.NTED",1,1531,6,0,NA,0,NA
"40","CASSLSRATEAFF","TRBV6-6*01","TRBJ1-1*01",4,"blood","MNH.......NY","SVG....AGI","S.TTED",3,1530,6,0,NA,0,NA
"41","CASSLSRATEAFF","TRBV6-5*01","TRBJ1-1*01",4,"blood","MNH.......EY","SVG....AGI","S.TTED",1,1529,6,0,NA,0,NA
"42","CASSFHTEAFF","TRBV6-5*01","TRBJ1-1*01",4,"blood","MNH.......EY","SVG....AGI","S.TTED",2,730,7,0,NA,0,NA
"43","CASSFHTEAFF","TRBV6-9*01","TRBJ1-1*01",4,"blood","MNH.......GY","SVA....AGI","S.NTED",1,733,7,0,NA,0,NA
"44","CASSFHTEAFF","TRBV6-8*01","TRBJ1-1*01",4,"blood","MNH.......GY","SAA....AGT","L.NTED",3,732,7,0,NA,0,NA
"45","CASSFHTEAFF","TRBV6-6*01","TRBJ1-1*01",4,"blood","MNH.......NY","SVG....AGI","S.TTED",2,731,7,0,NA,0,NA
"46","CASSIVAWEPGNTIYF","TRBV19*01","TRBJ1-3*01",4,"blood","LNH.......DA","SQI....VND","E.KKES",1,990,8,0,NA,0,NA
"47","CSSSIVAGEPGNTIYF","TRBV19*01","TRBJ1-3*01",4,"blood","LNH.......DA","SQI....VND","E.KKES",2,3252,8,0,NA,0,NA
"48","CASSIVAGEPGNNIYF","TRBV19*01","TRBJ1-3*01",4,"blood","LNH.......DA","SQI....VND","E.KKES",1,988,8,0,NA,0,NA
"49","CASSIVAGEPGNTIYF","TRBV19*01","TRBJ1-3*01",4,"blood","LNH.......DA","SQI....VND","E.KKES",9,989,8,0,NA,0,NA
"50","WASSLAVAGGYNEQCF","TRBV7-2*01","TRBJ2-1*01",4,"blood","SGH.......TA","FQG....NSA","T.GGSV",1,3351,9,0,NA,0,NA
"51","CASSLAVAGGYNEQFF","TRBV7-2*01","TRBJ2-1*01",4,"blood","SGH.......TA","FQG....NSA","T.GGSV",4,1129,9,0,NA,0,NA
"52","GASSVAGAGGYNEQFF","TRBV7-2*01","TRBJ2-1*01",4,"blood","SGH.......TA","FQG....NSA","T.GGSV",1,3339,9,0,NA,0,NA
"53","CASSLAGAGGYNEQFF","TRBV7-2*01","TRBJ2-1*01",4,"blood","SGH.......TA","FQG....NSA","T.GGSV",2,1063,9,0,NA,0,NA
"54","CASSLSLAGVDTQYF","TRBV6-9*01","TRBJ2-3*01",4,"blood","MNH.......GY","SVA....AGI","S.NTED",1,1521,10,0,NA,0,NA
"55","CASSLSLAGVDTQYF","TRBV6-8*01","TRBJ2-3*01",4,"blood","MNH.......GY","SAA....AGT","L.NTED",1,1520,10,0,NA,0,NA
"56","CASSLSLAGVDTQYF","TRBV6-5*01","TRBJ2-3*01",4,"blood","MNH.......EY","SVG....AGI","S.TTED",2,1518,10,0,NA,0,NA
"57","CASSLSLAGVDTQYF","TRBV6-6*01","TRBJ2-3*01",4,"blood","MNH.......NY","SVG....AGI","S.TTED",1,1519,10,0,NA,0,NA
"58","CASRGGGVVNEQFF","TRBV6-1*01","TRBJ2-1*01",8,"blood","MNH.......NS","SAS....EGT","L.NKRE",8,322,11,0,NA,0,NA
"59","CASRSGGVVNEQFF","TRBV6-1*01","TRBJ2-1*01",8,"blood","MNH.......NS","SAS....EGT","L.NKRE",1,439,11,0,NA,0,NA
"60","WASRGGGVVNEQFF","TRBV6-1*01","TRBJ2-1*01",8,"blood","MNH.......NS","SAS....EGT","L.NKRE",1,3350,11,0,NA,0,NA
"61","CARRGGGVVNEQFF","TRBV6-1*01","TRBJ2-1*01",8,"blood","MNH.......NS","SAS....EGT","L.NKRE",1,85,11,0,NA,0,NA
"62","CSAAENYGYTF","TRBV29-1*01","TRBJ1-2*01",3,"blood","SQV.......TM","ANQG...SEA","P.NLTF",1,2986,12,0,NA,0,NA
"63","CSVTENYGYTF","TRBV29-1*01","TRBJ1-2*01",3,"blood","SQV.......TM","ANQG...SEA","P.NLTF",1,3301,12,0,NA,0,NA
"64","CSASENYGYTF","TRBV29-1*01","TRBJ1-2*01",3,"blood","SQV.......TM","ANQG...SEA","P.NLTF",1,3175,12,0,NA,0,NA
"65","CSGTENYGYTF","TRBV29-1*01","TRBJ1-2*01",3,"blood","SQV.......TM","ANQG...SEA","P.NLTF",1,3246,12,0,NA,0,NA
"66","CASSRGGSGVEQYF","TRBV2*01","TRBJ2-7*01",3,"blood","SNH.......LY","FYN....NEI","P.DGSN",4,2173,13,0,NA,0,NA
"67","CASSRGGAGVEQYF","TRBV2*01","TRBJ2-7*01",3,"blood","SNH.......LY","FYN....NEI","P.DGSN",3,2168,13,0,NA,0,NA
"68","CASSRGGSGGEQYF","TRBV2*01","TRBJ2-7*01",3,"blood","SNH.......LY","FYN....NEI","P.DGSN",2,2171,13,0,NA,0,NA
"69","CASSRGGSGVEQYF","TRBV2*01","TRBJ2-5*01",3,"blood","SNH.......LY","FYN....NEI","P.DGSN",1,2172,13,0,NA,0,NA
"70","CASSQVGGSNQPQHF","TRBV4-1*01","TRBJ1-5*01",2,"skin","MGH.......RA","YSY....EKL","P.NSSL",5,2117,14,0,NA,0,NA
"71","CASSQVPGSNQPQHF","TRBV4-1*01","TRBJ1-5*01",2,"skin","MGH.......RA","YSY....EKL","P.NSSL",5,2123,14,0,NA,0,NA
"72","CASSQVTGSNQPQHF","TRBV4-1*01","TRBJ1-5*01",2,"skin","MGH.......RA","YSY....EKL","P.NSSL",5,2127,14,0,NA,0,NA
"73","CASSYGFGGSGANVLTF","TRBV6-1*01","TRBJ2-6*01",1,"blood","MNH.......NS","SAS....EGT","L.NKRE",1,2633,15,1,4,0,NA
"74","CASSYGGGGSGANVLTF","TRBV6-1*01","TRBJ2-6*01",3,"blood","MNH.......NS","SAS....EGT","L.NKRE",1,2634,15,1,NA,0,NA
"75","CASSYGGVGSGANVLTF","TRBV6-1*01","TRBJ2-6*01",3,"blood","MNH.......NS","SAS....EGT","L.NKRE",1,2637,15,1,NA,0,NA
"76","CAWSVPDRTNTEAFF","TRBV30*01","TRBJ1-1*01",4,"skin","GTS......NPN","SVG.....IG","P.QDRQ",5,2968,16,1,5,1,3
"77","CAWSAPGRTNTEAFF","TRBV30*01","TRBJ1-1*01",9,"blood","GTS......NPN","SVG.....IG","P.QDRQ",1,2940,16,1,NA,1,NA
"78","CAWSAPDRTNTEAFF","TRBV30*01","TRBJ1-1*01",9,"blood","GTS......NPN","SVG.....IG","P.QDRQ",2,2939,16,1,NA,1,NA
"79","CASSFSAVSYEQYF","TRBV5-1*01","TRBJ2-5*01",4,"blood","SGH.......RS","YFS....ETQ","F.SNSR",1,790,17,0,NA,0,NA
"80","CASSFSAVSYEQYF","TRBV5-1*01","TRBJ2-7*01",4,"blood","SGH.......RS","YFS....ETQ","F.SNSR",2,791,17,0,NA,0,NA
"81","CASSFSAGSYEQYF","TRBV5-1*01","TRBJ2-7*01",4,"blood","SGH.......RS","YFS....ETQ","F.SNSR",1,789,17,0,NA,0,NA
"82","CASSFTSGDYEQYF","TRBV7-2*01","TRBJ2-7*01",4,"skin","SGH.......TA","FQG....NSA","T.GGSV",5,817,18,1,6,0,NA
"83","CASSLTSGDYEQYF","TRBV7-2*01","TRBJ2-7*01",2,"skin","SGH.......TA","FQG....NSA","T.GGSV",5,1578,18,1,NA,0,NA
"84","CASSFTSGDYEQYF","TRBV7-2*01","TRBJ2-7*01",2,"skin","SGH.......TA","FQG....NSA","T.GGSV",5,816,18,1,NA,0,NA
"85","CASSGSGTAPYEQYF","TRBV27*01","TRBJ2-7*01",4,"skin","MNH.......EY","SMN....VEV","K.EKRN",5,874,19,0,NA,1,4
"86","CASSGSGTAPYEQYF","TRBV27*01","TRBJ2-5*01",4,"blood","MNH.......EY","SMN....VEV","K.EKRN",2,872,19,0,NA,1,NA
"87","CASSGSGTAPYEQYF","TRBV27*01","TRBJ2-7*01",4,"blood","MNH.......EY","SMN....VEV","K.EKRN",8,873,19,0,NA,1,NA
